{"cameraMode":{"drawMode":0,"name":"Shaded","section":"Shading Mode"},"sceneLighting":false,"audioPlay":false,"sceneViewState":{"showFog":true,"showMaterialUpdate":false,"showSkybox":true,"showFlares":true,"showImageEffects":true,"showParticleSystems":true},"in2DMode":false,"pivot":{"x":-1.5456098318099976,"y":2.151689052581787,"z":-0.44645240902900698},"rotation":{"x":-0.15332335233688355,"y":-0.4307292103767395,"z":0.0745185911655426,"w":-0.8862344026565552},"size":4.727761745452881,"orthographic":false}