{"cameraMode":{"drawMode":0,"name":"Shaded","section":"Shading Mode"},"sceneLighting":false,"audioPlay":false,"sceneViewState":{"showFog":true,"showMaterialUpdate":false,"showSkybox":true,"showFlares":true,"showImageEffects":true,"showParticleSystems":true},"in2DMode":false,"pivot":{"x":-0.0006999969482421875,"y":0.008400000631809235,"z":-0.0004000067710876465},"rotation":{"x":-0.26229479908943179,"y":-0.0529477596282959,"z":0.014415238052606583,"w":-0.9634262919425964},"size":0.5609999895095825,"orthographic":false}