{"cameraMode":{"drawMode":0,"name":"Shaded","section":"Shading Mode"},"sceneLighting":false,"audioPlay":false,"sceneViewState":{"showFog":true,"showMaterialUpdate":false,"showSkybox":true,"showFlares":true,"showImageEffects":true,"showParticleSystems":true},"in2DMode":false,"pivot":{"x":0.9034254550933838,"y":-0.2159377634525299,"z":0.14383608102798463},"rotation":{"x":0.34381812810897829,"y":-0.009859745390713215,"z":0.003610229352489114,"w":0.9389779567718506},"size":2.6609997749328615,"orthographic":false}