{"cameraMode":{"drawMode":0,"name":"Shaded","section":"Shading Mode"},"sceneLighting":false,"audioPlay":false,"sceneViewState":{"showFog":true,"showMaterialUpdate":false,"showSkybox":true,"showFlares":true,"showImageEffects":true,"showParticleSystems":true},"in2DMode":false,"pivot":{"x":-0.009318580850958825,"y":0.041876550763845447,"z":-0.2730451226234436},"rotation":{"x":0.14458389580249787,"y":0.03620427846908569,"z":0.005293859634548426,"w":-0.9888156652450562},"size":0.14814329147338868,"orthographic":false}