{"cameraMode":{"drawMode":0,"name":"Shaded","section":"Shading Mode"},"sceneLighting":false,"audioPlay":false,"sceneViewState":{"showFog":true,"showMaterialUpdate":false,"showSkybox":true,"showFlares":true,"showImageEffects":true,"showParticleSystems":true},"in2DMode":false,"pivot":{"x":0.10285896062850952,"y":0.28803402185440066,"z":1.2470341920852662},"rotation":{"x":0.0053964839316904549,"y":-0.026996666565537454,"z":0.00014769552217330784,"w":0.9996255040168762},"size":2.7198874950408937,"orthographic":false}