{"cameraMode":{"drawMode":0,"name":"Shaded","section":"Shading Mode"},"sceneLighting":false,"audioPlay":false,"sceneViewState":{"showFog":true,"showMaterialUpdate":false,"showSkybox":true,"showFlares":true,"showImageEffects":true,"showParticleSystems":true},"in2DMode":false,"pivot":{"x":-0.015594590455293656,"y":0.2068837732076645,"z":-0.2530680298805237},"rotation":{"x":-0.24672657251358033,"y":-0.008142908103764058,"z":0.00207327026873827,"w":-0.9690487384796143},"size":0.32999950647354128,"orthographic":false}