{"cameraMode":{"drawMode":0,"name":"Shaded","section":"Shading Mode"},"sceneLighting":false,"audioPlay":false,"sceneViewState":{"showFog":true,"showMaterialUpdate":false,"showSkybox":true,"showFlares":true,"showImageEffects":true,"showParticleSystems":true},"in2DMode":false,"pivot":{"x":0.008219662122428418,"y":0.21117281913757325,"z":-0.19142451882362367},"rotation":{"x":-0.26229479908943179,"y":-0.0529477596282959,"z":0.014415238052606583,"w":-0.9634262919425964},"size":0.3498767018318176,"orthographic":false}