{"cameraMode":{"drawMode":0,"name":"Shaded","section":"Shading Mode"},"sceneLighting":false,"audioPlay":false,"sceneViewState":{"showFog":true,"showMaterialUpdate":false,"showSkybox":true,"showFlares":true,"showImageEffects":true,"showParticleSystems":true},"in2DMode":false,"pivot":{"x":-0.12055224180221558,"y":0.2566342055797577,"z":-0.5968019962310791},"rotation":{"x":-0.16437296569347382,"y":-0.18087221682071687,"z":0.030675679445266725,"w":-0.9691882133483887},"size":0.6530062556266785,"orthographic":false}