{"cameraMode":{"drawMode":0,"name":"Shaded","section":"Shading Mode"},"sceneLighting":false,"audioPlay":false,"sceneViewState":{"showFog":true,"showMaterialUpdate":false,"showSkybox":true,"showFlares":true,"showImageEffects":true,"showParticleSystems":true},"in2DMode":false,"pivot":{"x":2.936121940612793,"y":-5.116458415985107,"z":1.174271821975708},"rotation":{"x":-0.1645573079586029,"y":-0.002369909780099988,"z":0.00039540953002870083,"w":-0.9863646030426025},"size":37.9926872253418,"orthographic":false}