{"cameraMode":{"drawMode":0,"name":"Shaded","section":"Shading Mode"},"sceneLighting":false,"audioPlay":false,"sceneViewState":{"showFog":true,"showMaterialUpdate":false,"showSkybox":true,"showFlares":true,"showImageEffects":true,"showParticleSystems":true},"in2DMode":false,"pivot":{"x":0.059840187430381778,"y":0.21094852685928346,"z":0.019931575283408166},"rotation":{"x":-0.13291311264038087,"y":-0.08552386611700058,"z":0.01151276659220457,"w":-0.9873638153076172},"size":0.7245957255363464,"orthographic":false}