{"cameraMode":{"drawMode":0,"name":"Shaded","section":"Shading Mode"},"sceneLighting":false,"audioPlay":false,"sceneViewState":{"showFog":true,"showMaterialUpdate":false,"showSkybox":true,"showFlares":true,"showImageEffects":true,"showParticleSystems":true},"in2DMode":false,"pivot":{"x":0.21290668845176698,"y":0.05279714614152908,"z":0.010940194129943848},"rotation":{"x":0.019160185009241105,"y":-0.05486505106091499,"z":-0.001052966807037592,"w":-0.9983096718788147},"size":1.0245956182479859,"orthographic":false}