{"cameraMode":{"drawMode":0,"name":"Shaded","section":"Shading Mode"},"sceneLighting":false,"audioPlay":false,"sceneViewState":{"showFog":true,"showMaterialUpdate":false,"showSkybox":true,"showFlares":true,"showImageEffects":true,"showParticleSystems":true},"in2DMode":false,"pivot":{"x":1436.20166015625,"y":868.7151489257813,"z":58.953304290771487},"rotation":{"x":-0.11401648074388504,"y":-0.0277171041816473,"z":0.003182204905897379,"w":-0.993087112903595},"size":1785.23681640625,"orthographic":false}