{"cameraMode":{"drawMode":0,"name":"Shaded","section":"Shading Mode"},"sceneLighting":false,"audioPlay":false,"sceneViewState":{"showFog":true,"showMaterialUpdate":false,"showSkybox":true,"showFlares":true,"showImageEffects":true,"showParticleSystems":true},"in2DMode":false,"pivot":{"x":0.10985060036182404,"y":0.08435618877410889,"z":0.04205271974205971},"rotation":{"x":0.06456955522298813,"y":-0.04828259348869324,"z":-0.0031277008820325138,"w":-0.9967399835586548},"size":0.6455525159835815,"orthographic":false}