{"cameraMode":{"drawMode":0,"name":"Shaded","section":"Shading Mode"},"sceneLighting":false,"audioPlay":false,"sceneViewState":{"showFog":true,"showMaterialUpdate":false,"showSkybox":true,"showFlares":true,"showImageEffects":true,"showParticleSystems":true},"in2DMode":false,"pivot":{"x":-0.006000012159347534,"y":0.12000003457069397,"z":-0.005999993532896042},"rotation":{"x":-0.3592279851436615,"y":-0.2738325297832489,"z":0.11112232506275177,"w":-0.8852257132530212},"size":0.9784888029098511,"orthographic":true}